id,first_name,last_name,date,email,tel,num permis,taux remise,add fact,raison sociale,siret,id client civ,id client type permis,id client  ville cp
1,Lyséa,Anselmi,08/03/1953,manselmi0@stumbleupon.com,5085504916,894931310-3,,6731687158,,546016555-5,1,3,29843
2,Bérangère,Duns,23/03/1980,cduns1@360.cn,2526342201,648248503-0,1.17,5089948322,,172984655-6,2,3,7024
3,Jú,Gayle,08/02/1955,pgayle2@walmart.com,9069379968,250826773-2,,4028681425,,141628022-7,1,2,34198
4,Mégane,Thomerson,07/03/1969,gthomerson3@typepad.com,8735314707,806523209-4,,7291872648,,770628001-2,2,2,27123
5,Maïlys,Quakley,13/11/1978,kquakley4@cornell.edu,9618871633,052903717-3,,4523323273,,112859200-2,3,2,19354
6,Laurène,Teodorski,15/08/1962,steodorski5@free.fr,9607824381,335295542-5,,9311373486,,554484622-7,1,2,25176
7,Östen,Glassman,05/11/1959,lglassman6@about.com,8155331191,771625945-8,,3656769529,,140593948-6,1,1,2913
8,Liè,Camis,26/08/1982,bcamis7@skype.com,5405253623,502954505-0,,2354585336,,609487817-5,2,1,5910
9,Léane,Baylis,10/02/1995,sbaylis8@homestead.com,9183559531,504335707-X,,4111255467,,299994146-3,1,3,3207
10,Noëlla,Alder,29/05/1977,ralder9@rambler.ru,8099065394,350444837-7,,7169452793,,793267998-2,3,3,15832
11,Mégane,Elliff,02/07/1978,pelliffa@cloudflare.com,9998651853,467320232-5,1.2,3131324029,,226309548-9,3,3,12301
12,Aimée,Scripps,03/05/1961,gscrippsb@spiegel.de,1653702561,219030343-5,1.09,2032916304,,759227920-7,2,1,5923
13,Dafnée,Rickaert,11/08/1994,drickaertc@yellowbook.com,9577027101,725080678-5,,1286803821,,856608028-9,3,1,6832
14,Anaël,Izakovitz,10/11/1973,lizakovitzd@twitter.com,5926611751,967977878-9,,9467215990,,357321546-7,2,2,24939
15,Léandre,Forsyth,23/09/1950,sforsythe@webeden.co.uk,2142474677,616839015-4,,2382397311,,273357162-1,1,3,6565
16,Anaïs,Pulley,15/08/1994,spulleyf@blinklist.com,1653230357,346293357-4,,8227378049,,471428989-6,1,1,29005
17,Méryl,Brimfield,30/04/1959,dbrimfieldg@mashable.com,3272717230,105142800-9,,4101988822,,030076165-1,3,3,28124
18,Dù,Harniman,23/11/1985,lharnimanh@ca.gov,9438013909,007073113-6,,2797747788,,756963487-X,1,1,21745
19,Edmée,Cavendish,20/11/1984,mcavendishi@naver.com,3163167082,560058567-5,,8871017746,,613085434-X,3,3,33795
20,Maëlyss,Barford,10/02/1957,kbarfordj@privacy.gov.au,9141569185,358497788-6,,1815006054,,587266401-X,1,1,29272
21,Adèle,Andryunin,25/09/1953,bandryunink@ebay.com,9166672473,422270678-7,,1398914507,,468356070-4,1,3,19698
22,Gaïa,Batram,24/12/1975,nbatraml@blinklist.com,6764836432,398395620-3,,9145123168,,578723750-1,3,3,15889
23,Adèle,Gumn,28/10/1968,rgumnm@newsvine.com,8937857911,271438467-6,1.12,1783721929,,074229810-8,3,1,3226
24,Josée,Cannon,23/04/1957,dcannonn@zdnet.com,3115541416,931455506-2,,7719521334,Ainyx,517235307-0,3,3,23581
25,Fèi,Reinbeck,15/09/1966,kreinbecko@amazon.de,8034937149,835883930-8,,1745064617,,928329974-4,3,1,5764
26,Lài,Handscombe,27/10/1956,phandscombep@naver.com,3441198650,846350178-8,,6093178413,,972757807-1,1,3,21075
27,Illustrée,Baillie,13/03/1986,vbaillieq@aol.com,7107716122,914748480-2,,8397012619,,953795530-3,2,1,31725
28,Cloé,Sandey,12/04/1983,csandeyr@aboutads.info,1544145027,991658787-6,,3084722267,,666215992-1,1,2,30166
29,Lèi,Goncaves,04/07/1991,wgoncavess@clickbank.net,7801342162,696394874-7,,2475230887,,996603724-1,3,1,10519
30,Andréanne,Harvett,12/12/1964,mharvettt@mapy.cz,7462114910,708529802-2,,6066729743,,091069034-0,1,1,22403
31,Laurélie,Stanlick,15/01/1983,bstanlicku@meetup.com,5409615886,520364300-8,,5557923041,,622623863-1,1,3,27554
32,Chloé,Lidgey,25/12/1958,klidgeyv@rambler.ru,4307609488,569251840-6,,4683499616,,395665938-4,1,2,24481
33,Bénédicte,Vandenhoff,24/12/1985,mvandenhoffw@tamu.edu,2244844236,277822790-3,1.04,3704840913,,546699735-8,3,1,20505
34,Táng,Aynold,07/01/1971,saynoldx@surveymonkey.com,4211788739,497591150-7,,1893447892,,934019360-1,3,2,24231
35,Måns,Ingall,07/03/1966,bingally@amazon.de,1505914420,205980924-X,,9463915001,,095177196-5,3,2,24617
36,Loïs,Chisman,14/05/1993,hchismanz@jimdo.com,6814627290,543436884-3,,8446770236,,538818664-4,2,2,12021
37,Thérèse,Gorstidge,15/04/1979,jgorstidge10@marriott.com,6158861254,655500550-5,,9851485261,,222912195-2,2,3,15022
38,Danièle,Seaking,02/03/1969,eseaking11@ocn.ne.jp,5948690969,969176888-7,,9327999713,Devpulse,774826730-8,1,2,10151
39,Maï,Bootes,18/07/1952,rbootes12@ycombinator.com,9866673161,840176652-4,1.01,5682746283,,237345648-6,1,3,6784
40,Lèi,Stabler,08/08/1959,mstabler13@alibaba.com,9335732400,396931773-8,1.03,7571758909,,350666897-8,3,3,13010
41,Bénédicte,Roggerone,17/05/1984,mroggerone14@macromedia.com,3135573916,277851915-7,,1797643949,,034343974-3,2,3,34310
42,Cinéma,Gouley,07/04/1982,pgouley15@about.me,9553279352,110406040-X,,3827861685,,522307030-5,2,1,6890
43,Görel,Hobbing,23/08/1980,jhobbing16@ebay.com,5712627808,589743843-9,,4325453708,,597676655-2,1,1,13174
44,Eléa,Folshom,20/06/1984,afolshom17@smugmug.com,8038309134,551630681-7,,6768573314,,878856337-5,2,3,28887
45,Marie-noël,Dionsetti,31/08/1983,ldionsetti18@gravatar.com,8149035567,044871677-1,1.03,8439492038,,724492134-9,2,3,34638
46,Bénédicte,Burniston,10/12/1975,eburniston19@oracle.com,5005881077,541004686-2,,1565279427,,584600161-0,3,2,8475
47,Desirée,Bascombe,11/01/1976,tbascombe1a@si.edu,3926639966,125082718-3,,5393999734,,999786739-4,3,3,6255
48,Miléna,Canedo,07/11/1997,ccanedo1b@auda.org.au,9769555136,110405884-7,,9468077225,Youspan,087161864-8,2,1,8333
49,Faîtes,Gillinghams,20/11/1998,rgillinghams1c@discovery.com,1122013956,874746869-6,,8878657920,,580654600-4,1,1,11418
50,Rachèle,Haugen,08/10/1967,lhaugen1d@tuttocitta.it,7412569775,743242498-5,,5195624620,,735915328-X,1,1,2008
51,Cinéma,Garlee,21/07/1984,jgarlee1e@reference.com,3441094849,987957715-9,,2193909233,,811641625-1,1,3,5426
52,Gösta,Humbey,22/02/1995,khumbey1f@alibaba.com,4948360924,221069649-6,,6904660979,,220872110-1,2,3,34283
53,Geneviève,Blagdon,16/03/1989,mblagdon1g@wunderground.com,7402682575,102737784-X,,7043869509,,980702219-3,2,1,31535
54,Marie-josée,Espinosa,10/04/1988,vespinosa1h@mozilla.org,5517858079,494466450-8,,2641339934,,276550254-4,3,1,16167
55,Åke,Bodiam,11/09/1994,pbodiam1i@nbcnews.com,3947103441,486396498-6,,1335462311,,360701970-3,3,1,17110
56,Océane,Crippin,02/04/1984,tcrippin1j@nifty.com,2832756022,543199487-5,,5343754796,Buzzshare,410490746-4,3,2,2509
57,Loïca,Argyle,12/02/1952,margyle1k@ibm.com,3077233336,141145384-0,,5063233467,,201063597-3,2,3,727
58,Joséphine,Stopps,04/05/1967,bstopps1l@amazon.co.jp,6809464639,615375924-6,,3838352779,,798156170-1,1,3,28292
59,Béatrice,Persicke,16/03/1961,npersicke1m@usgs.gov,4305869992,909069567-2,,7794560000,,702928714-2,2,1,11499
60,Maïlis,Willbourne,07/11/1974,gwillbourne1n@xing.com,1573566416,562533566-4,1.02,7337361665,,388790044-8,2,1,15626
61,Jú,Ghidoli,08/08/1965,rghidoli1o@fc2.com,8488770055,973692488-2,,6209785334,,330291383-4,3,2,6258
62,Thérèsa,Blackett,23/09/1985,mblackett1p@wiley.com,7824292036,796853097-0,,7269899803,,078713128-8,3,3,15094
63,Renée,Falls,17/10/1957,tfalls1q@quantcast.com,4966114204,957685035-5,1.14,6551438517,,270689882-8,1,3,20093
64,Adélie,Hartas,03/03/1986,jhartas1r@hibu.com,3571963735,204116823-4,,6344257679,,992081572-1,3,1,12994
65,Mélanie,Valerius,30/05/1979,mvalerius1s@cdc.gov,7908871764,156182692-8,,2401560031,,963768237-6,1,1,27282
66,Joséphine,Veschambre,08/05/1954,wveschambre1t@pagesperso-orange.fr,8645804311,903345217-0,,4828047798,,964346546-2,2,1,23019
67,Mén,O'Neil,01/12/1994,goneil1u@blinklist.com,1682193895,445226616-9,,2784215366,,640046501-4,1,3,28556
68,Gisèle,Shawe,23/05/1963,ashawe1v@nymag.com,5476665120,797784541-5,,4814679833,Lajo,002097033-1,2,2,102
69,Lyséa,Grieswood,29/09/1978,agrieswood1w@pcworld.com,8673605543,841995632-5,,8028797532,,842322531-3,1,1,21158
70,Cléa,Jannequin,09/11/1998,ejannequin1x@japanpost.jp,1603634167,084983159-8,1.15,2867396448,,540014560-4,2,1,14823
71,Yénora,Wake,08/12/1982,kwake1y@usgs.gov,1004776443,629624603-X,,5548065049,,361335830-1,1,1,27370
72,Lucrèce,Lanning,23/07/1976,dlanning1z@illinois.edu,6612671392,348763978-5,,9908663935,,369990869-0,2,1,6366
73,Maïly,MacFadzan,23/03/1953,cmacfadzan20@wordpress.org,1983548643,906399712-4,1.18,2391997852,,512554047-1,3,2,19232
74,Françoise,Samber,06/12/1998,rsamber21@businessweek.com,5709541043,717294477-1,,7942152822,Oloo,247319207-3,2,3,35894
75,André,Bremond,03/03/1988,pbremond22@opensource.org,8299011072,203177599-5,,2597514035,,346203483-9,2,1,4782
76,Laïla,Zienkiewicz,21/12/1998,szienkiewicz23@fc2.com,9221540642,681758322-5,1.15,9742479030,,838296543-1,2,2,20487
77,Erwéi,Rubie,11/02/1970,srubie24@ucsd.edu,4506650711,055893223-1,,6146043966,,098559980-4,3,3,10048
78,Bérénice,Yeldham,17/03/1985,cyeldham25@simplemachines.org,7502063572,153626984-0,,7708707237,,845114847-6,2,1,12434
79,Gaétane,Mardlin,11/07/1958,dmardlin26@dedecms.com,2592742813,546264687-9,,9033069370,,833057841-0,3,2,25742
80,Tú,Le Estut,26/09/1964,mleestut27@phoca.cz,6307644295,911807336-0,,4545357283,,392177422-5,2,1,26502
81,Anaé,Stammers,21/12/1977,estammers28@wordpress.org,8945326007,725920210-6,,1873000045,,581054670-6,3,1,34390
82,Lauréna,Maleck,22/04/1959,amaleck29@nydailynews.com,5357637124,293319794-4,,3725275357,,349966904-8,3,3,32563
83,Sélène,Train,04/02/1976,strain2a@ibm.com,5555432310,581385681-1,,3137804017,Ntags,537239701-2,3,1,17773
84,Nélie,McCurtin,21/08/1952,gmccurtin2b@moonfruit.com,2682377970,198320579-6,,9698486158,,461974828-5,2,3,27575
85,Maëlla,Toft,05/10/1986,vtoft2c@scientificamerican.com,4276363139,846175810-2,,9019389391,,932144983-3,1,2,16006
86,Anaël,Parkhouse,21/07/1979,cparkhouse2d@pagesperso-orange.fr,1594644830,303336826-3,,5051091960,,766474901-8,3,3,18061
87,Desirée,Camocke,12/09/1956,ncamocke2e@ed.gov,7503520923,507146749-6,,8905231690,,198964817-7,3,2,12466
88,Nélie,Bogey,05/06/1961,gbogey2f@deviantart.com,4342846758,554069234-9,,7473929725,,009007765-2,3,2,9623
89,Kù,Heel,18/12/1975,cheel2g@smh.com.au,2674709206,637271658-5,,3703880281,,086010951-8,2,3,35373
90,Gérald,MacLucais,30/03/1972,mmaclucais2h@exblog.jp,3975814185,731797141-3,,2068177369,,825130424-5,2,2,32661
91,Maëlle,Aslin,30/09/1965,oaslin2i@census.gov,1758619146,359054067-2,,2649376530,,474148222-7,2,2,27532
92,Lauréna,Nutley,08/08/1953,snutley2j@elpais.com,3842023625,019990416-2,1.16,6691964847,,686682969-0,2,1,792
93,Thérèse,Dreus,23/03/1996,jdreus2k@com.com,8283756353,517904695-5,,3021566872,Tagopia,733942178-5,3,3,25433
94,Åke,Tuison,08/07/1974,ktuison2l@flavors.me,2601431229,103026742-1,,1572245405,,973619811-1,2,1,2295
95,Naéva,Pavlenko,08/11/1984,jpavlenko2m@theatlantic.com,4435060768,451524728-X,,9072619596,,912200973-6,3,2,1278
96,Eléonore,Dormer,01/09/1970,tdormer2n@springer.com,1415079367,682243660-X,,5828160475,,865649280-2,1,3,6331
97,Eugénie,Lukins,16/08/1987,glukins2o@biblegateway.com,6078157961,654481207-2,,2401216369,,612014106-5,1,1,9013
98,Naéva,Dugan,19/09/1951,sdugan2p@ca.gov,5677078391,068162881-2,,8842218601,,437710991-X,2,3,28477
99,Thérèsa,Murden,14/02/1959,amurden2q@utexas.edu,4957674597,428841002-9,,5965167848,,525428684-9,2,2,23961
100,Joséphine,Moreland,10/06/1990,kmoreland2r@cnbc.com,9986353111,201116516-4,,2381461991,Eabox,051459941-3,3,3,20976
101,Néhémie,Purser,08/06/1976,spurser2s@state.gov,4593838342,772814567-3,,3116070223,,613759614-1,2,3,29235
102,Eugénie,Huntly,09/05/1989,ghuntly2t@cocolog-nifty.com,2231980327,120173654-4,,5953925136,,347603301-5,2,1,33430
103,Vérane,MacLeod,06/02/1983,kmacleod2u@weibo.com,5799188411,513849437-6,,5072217003,,152577814-5,1,3,3380
104,Maïté,Smalman,20/09/1997,msmalman2v@prnewswire.com,1933140896,506742334-X,,1808637112,,241423468-7,3,3,5940
105,Lóng,Partkya,12/12/1981,apartkya2w@salon.com,9593812103,761471922-0,1.1,9299986140,,553054853-9,3,1,6642
106,Dà,Rault,22/04/1955,drault2x@instagram.com,5246001053,071763306-3,,9199945321,,871233931-8,1,3,14999
107,Mårten,Hasley,12/08/1955,jhasley2y@tamu.edu,3309606007,668098065-8,,3042225980,,946468236-1,1,2,11782
108,Maëlle,Rhys,05/10/1973,srhys2z@slashdot.org,1333591425,639959015-9,,4918602718,,658164062-X,3,3,3797
109,Eléonore,Sherville,13/01/1959,asherville30@cisco.com,9715217950,694275139-1,,6655591325,,163499486-8,1,1,5940
110,Annotés,Lansberry,22/07/1981,slansberry31@trellian.com,8347070538,759888405-6,,4065996881,,507361542-5,2,3,35662
111,Åslög,Broomer,07/06/1986,gbroomer32@ehow.com,9108364381,272564291-4,,6474516957,,242562610-7,2,2,8344
112,Maëline,Golbourn,08/05/1984,dgolbourn33@1und1.de,6221080944,159465253-8,,8948808053,,353678579-4,1,1,19897
113,Mårten,Whalley,29/12/1974,hwhalley34@nydailynews.com,1374594308,970574091-7,,3331689724,,340739683-X,2,1,32069
114,Léane,Jedrzejewski,03/05/1962,ljedrzejewski35@goo.ne.jp,5891665811,027754264-2,,5251153221,Gigaclub,891139103-4,3,2,26587
115,Jú,Halbard,26/11/1997,ahalbard36@howstuffworks.com,9397319212,756467753-8,1.16,7513553526,,583456991-9,2,1,21380
116,Esbjörn,Kave,09/11/1968,tkave37@ovh.net,3987684353,942853350-5,,8747753904,,226873555-9,3,2,34812
117,Eléonore,Meier,07/06/1966,fmeier38@csmonitor.com,1953876586,887532104-3,,3183599558,,422639768-1,2,1,617
118,Maéna,Fausch,02/03/1965,pfausch39@msu.edu,7268565034,047871992-2,1.14,7044578232,,366992410-8,2,3,33685
119,Léa,Postin,28/12/1988,epostin3a@tiny.cc,5929764567,977026613-2,,5005025141,Zoombox,805974177-2,2,2,5891
120,Méline,Budibent,01/06/1980,lbudibent3b@163.com,8575911215,710796079-2,,6648959368,,462974280-8,3,3,24137
121,Annotée,Hort,18/03/1990,lhort3c@fc2.com,5773602260,903592039-2,,2462736052,,414250078-3,2,2,30410
122,Dafnée,Billion,11/08/1974,nbillion3d@skype.com,7426999063,767980893-7,,8406310137,,487001652-4,2,2,1707
123,Régine,Crosoer,26/01/1955,dcrosoer3e@shutterfly.com,3027104938,431511353-0,,8073166861,,435569827-0,2,3,1008
124,Séréna,Dugget,19/07/1959,adugget3f@163.com,6088511967,108989934-3,,7968403544,,106252333-4,1,3,18971
125,Maëlyss,Duberry,20/12/1960,tduberry3g@foxnews.com,6163114082,227736025-2,1.14,5958687007,,112025009-9,3,2,28750
126,Gaëlle,Dofty,18/10/1993,cdofty3h@washington.edu,4384728513,574246269-7,,7671301143,,256542033-1,2,3,28512
127,Réservés,Frankcomb,07/08/1977,sfrankcomb3i@dropbox.com,7357820615,462535991-0,,1876920000,,321073726-6,1,2,17978
128,Miléna,De Banke,10/11/1985,mdebanke3j@dagondesign.com,9933865145,138083627-1,,1278648723,,998720514-3,2,3,11811
129,Méghane,Dudhill,09/01/1961,hdudhill3k@bravesites.com,5196485028,668338765-6,,3767727500,Ozu,314721656-X,3,3,30735
130,Kévina,Beveridge,10/06/1981,jbeveridge3l@woothemes.com,2097227937,847753164-1,,8644262166,,108251013-0,3,1,21188
131,Mylène,Reedyhough,24/06/1991,sreedyhough3m@tuttocitta.it,9782136728,542346094-8,,5855675316,,881034564-9,3,1,31899
132,André,Hullett,06/02/1989,mhullett3n@ifeng.com,1125289492,695671365-9,,5301508104,,460224789-X,3,1,3336
133,Pål,Marlow,22/06/1988,tmarlow3o@purevolume.com,4113512459,215524847-4,,4935272302,,875042568-4,2,1,10523
134,Thérèse,Mirams,16/04/1964,fmirams3p@google.cn,8072585345,870271019-6,,6372739327,,787416376-1,3,1,4915
135,Miléna,Mion,08/07/1990,wmion3q@vkontakte.ru,7983605151,460004203-4,,5084660324,,058092651-6,3,2,9654
136,Loïc,Ower,02/05/1981,bower3r@google.ru,3494627207,483118873-5,,3394358193,,943066061-6,3,1,21858
137,Béatrice,Scimoni,04/07/1988,jscimoni3s@so-net.ne.jp,9995533519,419286733-8,,7189251722,,588067259-X,3,1,12230
138,Annotés,Brugmann,11/03/1956,obrugmann3t@i2i.jp,1033715519,019229379-6,1.18,2737706673,,701496504-2,3,3,15937
139,Aloïs,Poyser,09/01/1989,cpoyser3u@nhs.uk,1749758105,987482869-2,,6632933708,,788740684-6,3,3,7417
140,Clémence,Danick,25/01/1991,adanick3v@elegantthemes.com,4961236977,491589377-4,,9708552954,,763114537-7,2,3,23503
141,Michèle,Skoate,16/07/1966,zskoate3w@chron.com,6858026364,919551413-9,,7821954427,,150531677-4,3,1,27657
142,Cunégonde,Foyster,13/10/1982,gfoyster3x@uol.com.br,8648413062,164585444-2,,1444021927,Twitternation,522887033-4,1,1,11735
143,Méng,Blennerhassett,16/07/1968,bblennerhassett3y@homestead.com,2212794674,567866020-9,,6608027618,,041899764-0,1,3,18653
144,Amélie,Rust,02/09/1957,hrust3z@cargocollective.com,8181635295,587822963-3,,1238652418,Twiyo,962806252-2,3,3,4380
145,Médiamass,Beedle,06/12/1986,abeedle40@addthis.com,1002375950,852135151-8,,5718471410,,560853874-9,3,1,29015
146,Pénélope,McRill,07/04/1977,nmcrill41@wufoo.com,9858014755,765317255-5,,7212863061,,856700613-9,2,3,17252
147,Edmée,Stormouth,20/02/1979,wstormouth42@barnesandnoble.com,1902488993,502845997-5,,7047294462,,732791574-5,3,2,33132
148,Annotés,Whilder,30/10/1986,mwhilder43@themeforest.net,5554514621,354114516-1,,1531687969,,865667175-8,1,3,15828
149,Gisèle,Cottie,11/06/1954,lcottie44@army.mil,7958369118,836597287-5,1.17,6641480455,,591102846-8,1,1,26194
150,Clémence,Jayme,11/08/1971,hjayme45@webeden.co.uk,7643989099,528468736-1,,7233583368,Eamia,233501303-3,1,3,7740
151,Mårten,Griffoen,31/12/1957,sgriffoen46@nasa.gov,3877374384,905321543-3,,3559373629,,362223928-X,3,2,22803
152,Néhémie,Ayscough,26/02/1984,rayscough47@illinois.edu,1683436794,435513410-5,,1808828107,,521808227-9,1,1,23113
153,Maëline,Hutable,03/10/1988,dhutable48@i2i.jp,8276109496,511536884-6,,4551399571,,068789255-4,3,2,1005
154,Styrbjörn,Somers,04/10/1950,ssomers49@yellowpages.com,6368925122,647269638-1,,2745194774,Thoughtblab,698086442-4,2,2,20631
155,Publicité,Heritege,22/11/1952,hheritege4a@independent.co.uk,6464505902,975730975-3,,2456439063,,212838404-4,2,3,1116
156,Lorène,Yewdale,09/01/1992,wyewdale4b@netscape.com,5076340488,098375770-4,,3037925738,Wordtune,187442677-5,3,1,22045
157,Thérèsa,Drake,30/06/1983,kdrake4c@infoseek.co.jp,9086416254,088898681-5,1.18,8685180576,,653120459-1,2,1,9102
158,Aí,Richards,03/06/1985,arichards4d@cocolog-nifty.com,9268453888,095361767-X,,6183291328,,914439136-6,1,1,4889
159,Måns,Feria,17/05/1984,cferia4e@discovery.com,4182924385,334655029-X,,9356143503,,829865868-X,3,1,18381
160,Méline,O'Donohue,03/08/1978,hodonohue4f@trellian.com,2062496892,283787352-7,,5716675732,,681769303-9,1,3,29512
161,Réjane,Buttner,11/04/1977,fbuttner4g@samsung.com,7411863928,771473412-4,,3899503775,Kare,068132361-2,3,2,35009
162,Judicaël,Pycock,04/04/1966,ppycock4h@imageshack.us,1152001065,930854217-5,,2973428432,Meembee,139089845-8,1,3,23493
163,Gösta,Rubinsky,13/11/1966,wrubinsky4i@taobao.com,6887680772,018152537-2,,6957924797,,358394109-8,3,2,19217
164,Eléonore,Flower,02/07/1965,hflower4j@uol.com.br,6274068267,717198138-X,1.14,9653542249,,213668159-1,2,1,3571
165,Adélie,Heyward,31/01/1964,lheyward4k@acquirethisname.com,6978668271,848299143-4,,5368651044,,007088799-3,1,1,33709
166,Torbjörn,Galland,24/03/1981,mgalland4l@nasa.gov,7201789752,089451124-6,,9736336468,,081614340-4,1,3,13351
167,Marie-josée,Maxwell,16/01/1997,fmaxwell4m@addthis.com,9343654554,670426355-1,,3369648597,,193374282-8,3,3,6338
168,Amélie,Bodemeaid,11/01/1963,fbodemeaid4n@t.co,1185970091,378442391-4,1.0,3985608205,,039579821-3,2,2,33173
169,Kallisté,Likly,13/05/1977,clikly4o@hexun.com,2613752833,153111675-2,,6006671377,,032407221-X,2,3,908
170,Agnès,Yateman,04/07/1990,wyateman4p@freewebs.com,9544061156,939567408-3,,9145680733,Voonder,899008572-1,3,2,8708
171,Réservés,Schapiro,12/10/1965,sschapiro4q@nsw.gov.au,4726506658,302140872-9,,6869966721,,942798727-8,3,3,33579
172,Annotés,Chown,25/05/1990,achown4r@fotki.com,2151013761,645042295-5,,9012077939,,452864473-8,3,1,4491
173,Wá,Macourek,07/03/1950,amacourek4s@independent.co.uk,4995098328,736635920-3,,9701749972,,869778150-7,3,2,2628
174,Aurélie,Arden,20/12/1961,warden4t@prlog.org,8955056097,577758875-1,,8917381996,Photospace,811592221-8,2,1,12437
175,Yè,Joules,06/11/1998,fjoules4u@list-manage.com,1942734232,331572562-4,1.15,4021756671,,387108016-0,3,3,17948
176,Daphnée,Gilliat,13/05/1990,ggilliat4v@ed.gov,4657901108,646574405-8,,4045288740,,723480416-1,1,2,29034
177,Mylène,Kilius,13/11/1969,hkilius4w@w3.org,7382597027,440607980-7,,4758918051,,968134191-0,1,2,34068
178,Táng,Biggins,11/10/1974,rbiggins4x@tinypic.com,6937196829,278532087-5,,9262847785,,651550933-2,3,2,9179
179,Océane,Lanning,14/07/1986,elanning4y@fotki.com,3945104486,370535188-5,,6504759974,,006819498-6,2,2,30465
180,Géraldine,Nagle,20/02/1989,knagle4z@ezinearticles.com,8191226022,112445281-8,,1777388679,Eabox,257949344-1,2,3,32151
181,Bérangère,Cohrs,26/10/1969,rcohrs50@over-blog.com,3032336502,562759508-6,,4033770966,,172186371-0,2,2,15874
182,Adèle,Cokly,14/09/1998,wcokly51@symantec.com,8565790316,484785107-2,,3218973880,,210966829-6,2,2,28865
183,Erwéi,Charke,02/08/1968,scharke52@hubpages.com,1431597212,243237032-5,,4443681462,,570272211-6,1,2,20751
184,Zhì,Everleigh,04/02/1994,neverleigh53@prnewswire.com,4408548865,592452242-3,,1966221448,Realbridge,213121118-X,1,3,33635
185,Méthode,Caesman,13/09/1956,scaesman54@mashable.com,4478299461,782668432-3,,1029645575,Jaloo,207524124-4,3,2,717
186,Björn,Shuttleworth,21/05/1997,dshuttleworth55@yellowpages.com,7604533076,555135965-4,,4499509320,,668490662-2,3,1,1629
187,Angélique,Flay,21/06/1976,cflay56@github.com,3178566654,232628103-9,,6716402403,Oba,653681957-8,3,2,3119
188,Geneviève,Rumford,06/04/1968,hrumford57@multiply.com,5467609350,011225101-3,1.09,9302020534,,611836997-6,2,1,13418
189,Léone,Brownsell,08/04/1998,sbrownsell58@prlog.org,4032462965,686748064-0,,4126529077,,724959691-8,3,3,28745
190,Léonore,Lomb,11/07/1960,plomb59@diigo.com,4733254176,791874925-1,,8532754851,,805393843-4,2,1,15685
191,Miléna,Tobias,04/05/1991,vtobias5a@woothemes.com,8014307273,144384617-1,,1753834295,,345090033-1,3,2,13442
192,Crééz,Gurrado,02/05/1976,egurrado5b@devhub.com,8118531751,896985559-9,,3917279247,,697051737-3,2,3,5293
193,Lén,Dukelow,18/05/1980,sdukelow5c@netlog.com,8223561148,358983444-7,,6077336838,,680272330-1,2,1,27278
194,Camélia,Duffree,17/03/1970,oduffree5d@discuz.net,7231435595,053775352-4,,1846703996,,628809615-6,3,1,28290
195,Rachèle,Eadmeads,22/07/1969,seadmeads5e@deviantart.com,5104843688,889721540-8,,4013798781,Myworks,963988424-3,1,2,24022
196,Dù,Postins,28/01/1965,epostins5f@pinterest.com,5324452266,663797644-X,,9993140479,Voonte,393974871-4,1,1,33877
197,Félicie,Nowaczyk,28/10/1963,lnowaczyk5g@google.es,9775301918,785831185-9,,2552381418,,810923898-X,3,1,14673
198,Torbjörn,Alyukin,16/10/1955,valyukin5h@simplemachines.org,4886288278,880761754-4,,9045686120,,664365714-8,2,1,13332
199,Yóu,Vitall,07/02/1983,fvitall5i@newsvine.com,1038103147,845697329-7,,3521703106,,658531558-8,3,1,8695
200,Méghane,Fossord,07/01/1965,kfossord5j@reddit.com,5119829053,029675220-7,,2066072441,,794281176-X,3,1,16316
201,Maï,De-Ville,16/05/1985,mdeville5k@gov.uk,8155896768,146410657-6,,3063950358,,236216590-6,2,2,3406
202,Cécilia,Orlton,02/08/1972,oorlton5l@slate.com,2282468477,428326892-5,,7182473333,Brainlounge,664879195-0,2,1,21212
203,Kù,Scirman,21/10/1998,dscirman5m@macromedia.com,2731668575,261417043-7,,6027233227,Minyx,968593269-7,2,3,32575
204,Estée,Gorhardt,09/10/1979,wgorhardt5n@senate.gov,3854036014,834342043-8,,5142124620,,082809948-0,1,2,33866
205,Hélène,Signori,27/09/1953,asignori5o@privacy.gov.au,6133036023,134066448-8,,1552656890,Youbridge,131888752-6,1,2,21769
206,Mélys,Beyn,22/04/1986,gbeyn5p@blogspot.com,4345721943,124001811-8,,6173627883,,405811732-X,1,3,13086
207,Josée,Montez,03/02/1979,fmontez5q@myspace.com,7002166000,072225478-4,,2229507593,Gabtype,551810302-6,1,2,33370
208,Dorothée,Blodget,08/02/1981,ublodget5r@pcworld.com,3825797543,623149572-8,,4313318553,,367177229-8,2,3,32602
209,Gwenaëlle,Kehir,29/05/1956,tkehir5s@bloomberg.com,7799523127,748177029-8,,7336887703,,133361758-5,3,2,3715
210,Wá,Kuhle,25/06/1980,ekuhle5t@amazon.co.uk,5875775851,244358333-3,1.19,5553924354,,254265150-7,2,1,16567
211,Noëlla,Caughtry,03/06/1987,dcaughtry5u@xrea.com,2274241263,546691825-3,,9589273751,,138395674-X,1,3,33456
212,Eléa,Pasque,12/01/1989,bpasque5v@alexa.com,1684168305,226906674-X,1.04,7588510208,,832427566-5,3,1,10466
213,Maëline,Isacsson,21/10/1992,cisacsson5w@opera.com,7026485200,437541733-1,,5118430697,,482717056-8,1,3,29786
214,Annotée,McSharry,20/11/1969,mmcsharry5x@friendfeed.com,6959699558,696899474-7,,1608533348,,936478572-X,3,3,10251
215,Gwenaëlle,Wintle,16/07/1978,gwintle5y@narod.ru,6909525027,668331548-5,,1491327327,,724899279-8,3,1,10585
216,Táng,Purry,29/06/1995,apurry5z@vinaora.com,7622363832,495765482-4,,8689085464,,163165280-X,1,3,34725
217,Ráo,Baston,27/07/1977,dbaston60@timesonline.co.uk,5466245428,685160909-6,,2992408953,,626205886-9,1,2,12423
218,Méryl,Quarterman,16/08/1961,cquarterman61@msn.com,4207816311,469202393-7,,9196708094,Mydo,344923906-6,3,1,35632
219,Vérane,Gabbatiss,20/01/1982,dgabbatiss62@deliciousdays.com,6047842202,737213783-7,1.09,2785651775,,337476674-9,1,2,1041
220,Méthode,Strattan,19/01/1952,tstrattan63@wiley.com,8683859669,437215319-8,,9021108876,,345376982-1,3,2,23453
221,Cléopatre,Cicccitti,03/08/1982,mcicccitti64@cloudflare.com,9983871320,153019059-2,,4247500745,,450801041-5,3,1,1403
222,Ráo,Ellacombe,28/07/1959,nellacombe65@jiathis.com,9428412436,129054412-3,,8971985372,,508515868-7,1,1,26277
223,Almérinda,Retallick,20/08/1978,aretallick66@yolasite.com,4658849120,022360453-4,,6693684810,,276083911-7,2,3,8702
224,Ruò,Curran,14/02/1988,ccurran67@artisteer.com,4328760960,461063410-4,,3992911633,,004959405-2,2,1,19225
225,Örjan,Truett,15/11/1978,dtruett68@ebay.com,8766990872,019965059-4,,5246529026,,857648818-3,2,3,27685
226,Sòng,Ruppert,23/06/1984,bruppert69@goo.gl,9251766490,727736044-3,,1365956692,,720395999-6,3,1,9836
227,Maëlla,Gibbett,13/06/1997,mgibbett6a@de.vu,8608373280,197379192-7,,7169673705,,570908641-X,2,1,5101
228,Hélène,Howle,20/05/1980,mhowle6b@multiply.com,3497396630,912337414-4,,2244842494,,176563252-8,1,1,8669
229,Lucrèce,Dudney,16/12/1964,bdudney6c@netscape.com,2628957666,651071941-X,,9213955091,,858274500-1,1,1,2621
230,Andrée,Canner,29/06/1969,jcanner6d@eventbrite.com,1157417742,400969478-5,,6175287585,,841309031-8,3,3,14783
231,Camélia,Kanzler,22/11/1963,hkanzler6e@acquirethisname.com,3726998214,302693060-1,,7917544599,Browsetype,713799473-3,2,1,27437
232,Méline,Duignan,14/07/1995,gduignan6f@printfriendly.com,6579405340,127397254-6,,5613036525,,639857437-0,3,1,9841
233,Irène,Stoaks,09/01/1980,tstoaks6g@zdnet.com,4368095190,713705261-4,,2263864158,,606289917-7,3,1,30259
234,Laurélie,Pigford,02/11/1972,lpigford6h@ucoz.com,1145663263,372490232-8,,9704008485,,393405978-3,2,3,9561
235,Médiamass,Matzaitis,03/07/1981,gmatzaitis6i@godaddy.com,2883049690,521462537-5,,2822230581,,701080033-2,3,3,17911
236,Magdalène,Iacobassi,24/01/1956,niacobassi6j@gizmodo.com,4075514558,389569209-3,,7026961484,,077415998-7,3,1,1954
237,Bérénice,Wennington,05/09/1975,mwennington6k@woothemes.com,9436027756,437594803-5,,7284376601,,065536666-0,2,1,27423
238,Marie-thérèse,Deport,17/02/1985,wdeport6l@skype.com,2045974104,517171982-9,,4373977866,,448652295-8,2,1,35869
239,Torbjörn,Hamprecht,30/10/1996,rhamprecht6m@liveinternet.ru,7415037960,831466183-X,,3773952717,Mydeo,337332166-2,1,2,8350
240,Loïca,Vaney,05/05/1976,fvaney6n@zimbio.com,8611660532,225485810-6,,8482767549,,135894521-7,3,2,22695
241,Yè,Rook,31/03/1989,krook6o@google.com.au,7007007849,273799997-9,,8111780271,,184921936-2,3,3,7474
242,Stéphanie,Bawdon,18/05/1963,gbawdon6p@shareasale.com,9092528886,208628869-7,,1615919300,,368386998-4,2,3,20053
243,Amélie,Prigmore,16/08/1997,eprigmore6q@nyu.edu,3397126626,409808777-4,,2585539286,,699688727-5,3,2,506
244,Maéna,Thewlis,26/06/1984,bthewlis6r@vinaora.com,8908173280,989404995-8,,4826931116,,688916451-2,2,3,33019
245,Lén,Enriques,03/04/1984,menriques6s@biblegateway.com,1384497492,248765032-X,,8319703292,,095883404-0,2,2,7238
246,Marie-noël,Compton,02/02/1965,kcompton6t@washingtonpost.com,5953705082,920168620-X,,7128816349,,498387921-8,3,2,12975
247,Torbjörn,Leyshon,24/09/1961,mleyshon6u@histats.com,2087315777,095359396-7,,8179629668,,086954642-2,1,1,4083
248,Eliès,Le Conte,25/05/1985,sleconte6v@yandex.ru,5573851671,694118008-0,,9799965149,,684848990-5,1,1,16955
249,Mélina,Quarrie,28/03/1991,mquarrie6w@pen.io,7301046703,173884723-3,1.2,7645071364,,567693401-8,1,1,20338
250,Eléa,Paley,02/03/1985,ppaley6x@yahoo.co.jp,5602247151,075524002-2,,4119698385,,281073211-6,1,2,21747
